{
  "project_info": {
    "project_number": "969367466422",
    "firebase_url": "https://smartmirror-292009.firebaseio.com",
    "project_id": "smartmirror-292009",
    "storage_bucket": "smartmirror-292009.appspot.com"
  },
  "client": [
    {
      "client_info": {
        "mobilesdk_app_id": "1:969367466422:android:24ebf17424c410b92ad117",
        "android_client_info": {
          "package_name": "com.example.myapplication"
        }
      },
      "oauth_client": [
        {
          "client_id": "969367466422-gqesmj9fk7ak77ll6aovr8i8eedj6se9.apps.googleusercontent.com",
          "client_type": 3
        }
      ],
      "api_key": [
        {
          "current_key": "AIzaSyDI8_xJ39Rioxij6uSFeNAkl1BlBtPVuic"
        }
      ],
      "services": {
        "appinvite_service": {
          "other_platform_oauth_client": [
            {
              "client_id": "969367466422-9vsi2qs6uevugs1vlk12fo200f667fkd.apps.googleusercontent.com",
              "client_type": 3
            }
          ]
        }
      }
    }
  ],
  "configuration_version": "1"
}